[
  {
    "libraryIdentifier" : "6b2c5a3e7eb2286f3dcb3deffa48d374",
    "format" : "image",
    "displayName" : "UNBOXED-Mural-Final copy 2.jpeg"
  },
  {
    "libraryIdentifier" : "7dc6b231ac351ee32550c43d7132a2fc",
    "format" : "image",
    "displayName" : "UNBOXED-Mural-Final copy 3.jpeg"
  },
  {
    "libraryIdentifier" : "1e496548f2b12beb8f1a4fd63069c316",
    "format" : "image",
    "displayName" : "UNBOXED-Mural-Final copy.jpeg"
  },
  {
    "libraryIdentifier" : "1ae57c6035ad035bb031d36e89b0439c",
    "format" : "image",
    "displayName" : "UNBOXED-Mural-Final copy 4.jpeg"
  },
  {
    "libraryIdentifier" : "9e6eff26cbd0474526f4af9aa0a7f181",
    "format" : "image",
    "displayName" : "UNBOXED-Mural-Final copy 5.jpeg"
  },
  {
    "libraryIdentifier" : "3a21fb3570db0ea7b10294cd6ecc48bb",
    "format" : "model",
    "displayName" : "Step_Hip_Hop_Dance_Jerry.usdz"
  },
  {
    "libraryIdentifier" : "73350d059a49a597fa09ceeae75d2335",
    "format" : "model",
    "displayName" : "Hip_Hop_Dancing_USDZ_test.usdz"
  },
  {
    "libraryIdentifier" : "9bc336c97f979d435b93b7a4fea916cc",
    "format" : "model",
    "displayName" : "Hip_Hop_Dancing.usdz"
  },
  {
    "libraryIdentifier" : "b339d8780f8c4e7c4c8b675a74670113",
    "format" : "model",
    "displayName" : "Arms_Hip_Hop_Dance.usdz"
  },
  {
    "libraryIdentifier" : "e625af3e1a64a29ed755be841ebf88fa",
    "format" : "model",
    "displayName" : "Alien_Hip_Hop_Dancing.usdz"
  }
]